First Name,Last Name,Job Title,Email,Company
,,,,MCI Group
,,,,BCD Group
,,,,CWT Meetings + Events
,,,,GES
,,,,Clarion Events
,,,,Freeman
,,,,Nth Degree
,,,,Jack Morton Worldwide
,,,,MKG
,,,,BI (Broadcasting International)
,,,,GPJ (George P. Johnson)
,,,,Maritz
,,,,Live Business
,,,,Banks Sadler
,,,,Sphere
,,,,Capita Events
,,,,M Kensington
,,,,Event Strategies
,,,,MeetEvents
,,,,ConferenceCare
,,,,Eventful
,,,,A Successful Event
,,,,Event Academy
,,,,Events International
,,,,PPO Servizi
,,,,Hotusa Congresos
,,,,Congiunte
,,,,Masterclass
,,,,Glamour Funk
,,,,Rough Draft
,,,,Glamuzina
,,,,Eventer
,,,,TUI Meetings + Incentives
,,,,Incentive Solutions
,,,,Meeting Designs
,,,,Access TCA
,,,,The Meeting Company
,,,,One Allied
,,,,Mimica
,,,,M Booth
,,,,Fifth Street
,,,,Center
,,,,M&C Saatchi Sport + Entertainment
,,,,Spearhead
,,,,Caesars Entertainment
,,,,Mandalay Bay
,,,,MGM Resorts
,,,,Hyatt Regency
,,,,Marriott International
,,,,Hilton
,,,,Accor
,,,,Hilton Diageo
,,,,IMEX Group
,,,,PCMA
,,,,MPI
,,,,ICCA
,,,,IAPCO
,,,,AIPC
,,,,UFI
,,,,ASAE
,,,,Site Global
,,,,IAEE
,,,,MCI Belgium
,,,,MCI Germany
,,,,MCI France
,,,,MCI USA
,,,,MCI Asia
,,,,Europcar
,,,,Arinex
,,,,Kenes Group
,,,,Conventus
,,,,Forum Events
,,,,NTH Events
,,,,Ashfield Meetings
,,,,Lucid
,,,,HELIX
